,MAE_biased_test,r_biased_test,r_bag_real_biased_test
0,5.738721283186915,0.9310589224998009,-0.3657116891783204
