PC,rho_PLIKS_vs_PCresid,p,N
0,0.147184293910028,0.013861151979133807,279
