PC,rho_PLIKS_vs_PCresid,p,N
0,0.14089944670312723,0.027442946391777228,245
